,id,gender,male,week,weight
1,1,male,1,5,19.0522026813734
2,1,male,1,6,19.9936657880265
3,1,male,1,7,20.7926269371798
4,1,male,1,8,21.3658515447137
5,1,male,1,9,22.0794033035529
6,1,male,1,10,22.7238227609158
7,1,male,1,11,23.828432354807
8,1,male,1,12,23.8988748440387
9,1,male,1,13,24.9446714063143
10,1,male,1,14,25.5010751946144
11,1,male,1,15,25.8848331113479
12,1,male,1,16,27.1260572751014
13,1,male,1,17,28.0762666059745
14,1,male,1,18,28.4342892959832
15,1,male,1,19,29.3114179908734
16,1,male,1,20,29.8047273248413
17,1,male,1,21,30.5039793219704
18,1,male,1,22,31.0333015216138
19,1,male,1,23,32.1974124686506
20,1,male,1,24,32.8803537574217
21,2,male,1,5,20.6690023891497
22,2,male,1,6,22.0083431182015
23,2,male,1,7,22.5661429074643
24,2,male,1,8,23.3411384748061
25,2,male,1,9,24.3190203661076
26,2,male,1,10,24.9212741665639
27,2,male,1,11,25.9699476742404
28,2,male,1,12,26.8276023461405
29,2,male,1,13,27.4522710883142
30,2,male,1,14,28.5580173474437
31,2,male,1,15,29.2104721862722
32,2,male,1,16,29.8832065818023
33,2,male,1,17,30.9782725964221
34,2,male,1,18,31.9349654016595
35,2,male,1,19,32.7609943646811
36,2,male,1,20,33.4609430688068
37,2,male,1,21,34.3831377204207
38,2,male,1,22,35.4794423004024
39,2,male,1,23,36.2723026023454
40,2,male,1,24,36.7693961922708
41,3,female,0,5,18.17809251349
42,3,female,0,6,18.7643649408414
43,3,female,0,7,18.7161536856255
44,3,female,0,8,19.507255535395
45,3,female,0,9,19.7449317483156
46,3,female,0,10,20.3476389606736
47,3,female,0,11,20.5414004660669
48,3,female,0,12,21.2093721706825
49,3,female,0,13,21.9362950995845
50,3,female,0,14,22.2589046301498
51,3,female,0,15,22.3699862056692
52,3,female,0,16,22.6579822317369
53,3,female,0,17,23.218105833622
54,3,female,0,18,23.5528407681825
55,3,female,0,19,24.0153133739301
56,3,female,0,20,24.0697663650397
57,3,female,0,21,25.0293958268868
58,3,female,0,22,25.6636131140396
59,3,female,0,23,25.8961833895114
60,3,female,0,24,26.5936299602352
61,4,male,1,5,20.3268769411827
62,4,male,1,6,21.3701139335709
63,4,male,1,7,22.3195688695455
64,4,male,1,8,23.1235144926946
65,4,male,1,9,23.9901846104575
66,4,male,1,10,25.4385695331355
67,4,male,1,11,26.0438175575918
68,4,male,1,12,27.0151991132167
69,4,male,1,13,28.4503168025456
70,4,male,1,14,28.9472644356595
71,4,male,1,15,30.1789509379485
72,4,male,1,16,31.1642211288134
73,4,male,1,17,32.3853939513704
74,4,male,1,18,32.8981079654064
75,4,male,1,19,34.050195454662
76,4,male,1,20,34.9218062858209
77,4,male,1,21,35.7309815610577
78,4,male,1,22,36.791177678895
79,4,male,1,23,37.7827959153768
80,4,male,1,24,38.7707462556358
81,5,male,1,5,21.0162109274246
82,5,male,1,6,21.8093664068024
83,5,male,1,7,22.6041388689752
84,5,male,1,8,23.2751346430655
85,5,male,1,9,24.2704904340604
86,5,male,1,10,25.18698405966
87,5,male,1,11,25.4824216007563
88,5,male,1,12,26.548001431501
89,5,male,1,13,27.2679378313109
90,5,male,1,14,28.0772531363585
91,5,male,1,15,28.8182739861694
92,5,male,1,16,29.8514008097074
93,5,male,1,17,30.0654381936913
94,5,male,1,18,31.1556349897889
95,5,male,1,19,32.0992680121028
96,5,male,1,20,32.686940031913
97,5,male,1,21,33.496576256396
98,5,male,1,22,34.1384756429469
99,5,male,1,23,34.9822221150978
100,5,male,1,24,35.8962679455377
101,6,male,1,5,16.8777551121688
102,6,male,1,6,17.1138925219968
103,6,male,1,7,17.3334277939682
104,6,male,1,8,18.0366100215377
105,6,male,1,9,18.3409363439443
106,6,male,1,10,18.239670601366
107,6,male,1,11,18.8633346444392
108,6,male,1,12,18.936399266957
109,6,male,1,13,19.5669860653577
110,6,male,1,14,19.9374634013318
111,6,male,1,15,19.9914993935911
112,6,male,1,16,20.6628753326185
113,6,male,1,17,20.7983231975926
114,6,male,1,18,21.1791623147028
115,6,male,1,19,21.6779326553121
116,6,male,1,20,21.6559899885848
117,6,male,1,21,21.9915854834965
118,6,male,1,22,22.5041522466052
119,6,male,1,23,22.8545915455703
120,6,male,1,24,23.0539730276552
121,7,female,0,5,18.4051871892545
122,7,female,0,6,18.9093700093052
123,7,female,0,7,19.8071289225419
124,7,female,0,8,20.3151236359804
125,7,female,0,9,20.3728865245053
126,7,female,0,10,21.1517204951797
127,7,female,0,11,21.6957775946344
128,7,female,0,12,22.2073436168546
129,7,female,0,13,22.7041471484851
130,7,female,0,14,23.4101969081204
131,7,female,0,15,23.9622842000041
132,7,female,0,16,24.2165128602109
133,7,female,0,17,25.106423126125
134,7,female,0,18,25.5605624015982
135,7,female,0,19,26.1062142359605
136,7,female,0,20,26.5410119459939
137,7,female,0,21,27.1614126947596
138,7,female,0,22,27.3779779475218
139,7,female,0,23,28.3352828560452
140,7,female,0,24,28.9494144010364
141,8,male,1,5,24.1939239006443
142,8,male,1,6,25.3745089326862
143,8,male,1,7,26.5527669387738
144,8,male,1,8,27.5007457875377
145,8,male,1,9,28.5642715362063
146,8,male,1,10,29.6353865375544
147,8,male,1,11,30.8872960836437
148,8,male,1,12,32.1741409785609
149,8,male,1,13,33.2999147489812
150,8,male,1,14,34.5547375527864
151,8,male,1,15,35.5419773981857
152,8,male,1,16,36.698185126038
153,8,male,1,17,37.7545525385588
154,8,male,1,18,38.7863171880232
155,8,male,1,19,40.1198893050451
156,8,male,1,20,41.2864149999512
157,8,male,1,21,42.6463484549597
158,8,male,1,22,43.765702198526
159,8,male,1,23,44.4519336648844
160,8,male,1,24,45.7824997226241
161,9,male,1,5,21.7434849343001
162,9,male,1,6,23.0022573905363
163,9,male,1,7,23.7340476110431
164,9,male,1,8,24.5859742181684
165,9,male,1,9,25.1412515565762
166,9,male,1,10,26.2050670202259
167,9,male,1,11,26.9975218124293
168,9,male,1,12,28.0414704938337
169,9,male,1,13,28.6344384301667
170,9,male,1,14,29.6115688837336
171,9,male,1,15,30.3210015505986
172,9,male,1,16,31.0271546771678
173,9,male,1,17,32.0563679502064
174,9,male,1,18,32.8595010197142
175,9,male,1,19,33.974510176499
176,9,male,1,20,34.5532931225234
177,9,male,1,21,35.4338735246391
178,9,male,1,22,36.1250670354595
179,9,male,1,23,36.6571794931402
180,9,male,1,24,38.0102379978616
181,10,female,0,5,18.0296373139562
182,10,female,0,6,18.2036401410878
183,10,female,0,7,18.4966870662686
184,10,female,0,8,19.3548393123557
185,10,female,0,9,20.2033132183771
186,10,female,0,10,20.0323717654043
187,10,female,0,11,21.2345652698735
188,10,female,0,12,21.0885331502949
189,10,female,0,13,21.8641679631636
190,10,female,0,14,22.3206708583929
191,10,female,0,15,23.1456901038855
192,10,female,0,16,23.3675912874509
193,10,female,0,17,24.0201010496459
194,10,female,0,18,24.5672925700582
195,10,female,0,19,25.0767683462743
196,10,female,0,20,25.6421554841552
197,10,female,0,21,25.9838698930592
198,10,female,0,22,26.5000146229846
199,10,female,0,23,26.9658729068862
200,10,female,0,24,27.4360476279161
201,11,male,1,5,20.310159381456
202,11,male,1,6,21.1872128630496
203,11,male,1,7,22.2476295215109
204,11,male,1,8,22.677795673683
205,11,male,1,9,23.3887575825052
206,11,male,1,10,23.947767253055
207,11,male,1,11,25.2084443470548
208,11,male,1,12,25.676696819379
209,11,male,1,13,26.3921376701212
210,11,male,1,14,27.0110341604955
211,11,male,1,15,27.7658213782674
212,11,male,1,16,29.0507161873387
213,11,male,1,17,29.3908289946899
214,11,male,1,18,30.488895873317
215,11,male,1,19,31.2037543534438
216,11,male,1,20,31.9122555189631
217,11,male,1,21,32.5471912925254
218,11,male,1,22,33.518486652622
219,11,male,1,23,33.7966060825953
220,11,male,1,24,34.5788856733312
221,12,female,0,5,16.8737309345218
222,12,female,0,6,17.4158765185449
223,12,female,0,7,17.8084082010343
224,12,female,0,8,18.1450717826416
225,12,female,0,9,18.7501910851026
226,12,female,0,10,19.3798057619754
227,12,female,0,11,20.255606567431
228,12,female,0,12,20.770759148482
229,12,female,0,13,20.9429836056912
230,12,female,0,14,21.6011443199348
231,12,female,0,15,22.3121547879283
232,12,female,0,16,22.0940698250744
233,12,female,0,17,22.9887295568939
234,12,female,0,18,23.4840154374414
235,12,female,0,19,24.7115979252929
236,12,female,0,20,24.5917091193424
237,12,female,0,21,25.5238016945509
238,12,female,0,22,25.9655025632532
239,12,female,0,23,26.4419812220542
240,12,female,0,24,26.7303595577321
241,13,male,1,5,20.9360303385599
242,13,male,1,6,21.762149929536
243,13,male,1,7,22.61590052967
244,13,male,1,8,23.3762338562613
245,13,male,1,9,24.161807522096
246,13,male,1,10,24.926197818193
247,13,male,1,11,25.71872375491
248,13,male,1,12,26.2923663132672
249,13,male,1,13,27.4371347188358
250,13,male,1,14,28.2069770474881
251,13,male,1,15,28.613280899397
252,13,male,1,16,29.750018639523
253,13,male,1,17,30.5355014256306
254,13,male,1,18,31.3333830628474
255,13,male,1,19,31.9950038658354
256,13,male,1,20,33.0095888293366
257,13,male,1,21,33.755894588059
258,13,male,1,22,34.3858956720338
259,13,male,1,23,35.6117646415914
260,13,male,1,24,36.1572545346494
261,14,female,0,5,17.2171541115604
262,14,female,0,6,17.546798530381
263,14,female,0,7,18.3016939132488
264,14,female,0,8,18.188592596049
265,14,female,0,9,18.7153622882509
266,14,female,0,10,19.0172624964928
267,14,female,0,11,19.3165104264673
268,14,female,0,12,19.9320241585923
269,14,female,0,13,20.1607599451644
270,14,female,0,14,20.3771922802447
271,14,female,0,15,20.9383173123997
272,14,female,0,16,21.12626988748
273,14,female,0,17,21.467389784878
274,14,female,0,18,21.7432951297175
275,14,female,0,19,22.1386353443305
276,14,female,0,20,22.5236465864274
277,14,female,0,21,22.6331208003268
278,14,female,0,22,23.1920129484383
279,14,female,0,23,23.3389191367093
280,14,female,0,24,23.9016357952479
281,15,male,1,5,22.0312924027475
282,15,male,1,6,22.4000792872259
283,15,male,1,7,23.1190444479687
284,15,male,1,8,24.0622311758029
285,15,male,1,9,24.5489221417327
286,15,male,1,10,24.8919530756843
287,15,male,1,11,25.5472884260698
288,15,male,1,12,27.0690318178077
289,15,male,1,13,27.1830319226586
290,15,male,1,14,28.058633901785
291,15,male,1,15,28.7078885275715
292,15,male,1,16,29.0530046226421
293,15,male,1,17,29.8803681285139
294,15,male,1,18,30.4600378910961
295,15,male,1,19,31.1662465316656
296,15,male,1,20,32.0258790354566
297,15,male,1,21,32.7479718951856
298,15,male,1,22,32.9890953904135
299,15,male,1,23,34.1318428941315
300,15,male,1,24,34.6802392294635
301,16,female,0,5,18.646604346479
302,16,female,0,6,19.4077647342041
303,16,female,0,7,19.8831346196139
304,16,female,0,8,20.3412197018911
305,16,female,0,9,21.1645903735991
306,16,female,0,10,21.5408858335984
307,16,female,0,11,21.823920363331
308,16,female,0,12,22.9642269903516
309,16,female,0,13,23.0524386697415
310,16,female,0,14,24.0310176223638
311,16,female,0,15,24.4807989164584
312,16,female,0,16,25.2768500061709
313,16,female,0,17,25.4999614612333
314,16,female,0,18,26.3963731223232
315,16,female,0,19,27.1218691947143
316,16,female,0,20,27.5341704585882
317,16,female,0,21,27.8874695384954
318,16,female,0,22,28.5735655928644
319,16,female,0,23,29.3131257065374
320,16,female,0,24,30.2028067743264
321,17,male,1,5,21.0791119831458
322,17,male,1,6,22.0024111936851
323,17,male,1,7,23.1473402192476
324,17,male,1,8,23.5746761847381
325,17,male,1,9,24.370690938647
326,17,male,1,10,25.5763449486462
327,17,male,1,11,26.434419039794
328,17,male,1,12,27.4082180455045
329,17,male,1,13,27.9252441593782
330,17,male,1,14,29.0723199124069
331,17,male,1,15,30.6603638934902
332,17,male,1,16,31.0967258631022
333,17,male,1,17,32.0702658904322
334,17,male,1,18,33.2889433635034
335,17,male,1,19,34.1559228242035
336,17,male,1,20,34.9607188746878
337,17,male,1,21,35.8500992655775
338,17,male,1,22,36.7285258751272
339,17,male,1,23,37.7409372853251
340,17,male,1,24,38.2571064162704
341,18,female,0,5,17.7100098972301
342,18,female,0,6,17.7679081384111
343,18,female,0,7,18.5502301100284
344,18,female,0,8,18.7596300815384
345,18,female,0,9,19.1628031505298
346,18,female,0,10,19.4595900972524
347,18,female,0,11,20.0498831860249
348,18,female,0,12,20.0639424481541
349,18,female,0,13,20.578969910667
350,18,female,0,14,20.658916656263
351,18,female,0,15,21.2425299827839
352,18,female,0,16,21.585650109661
353,18,female,0,17,21.8843821801368
354,18,female,0,18,22.6387911371572
355,18,female,0,19,23.0433930829979
356,18,female,0,20,22.9059873697644
357,18,female,0,21,23.401776806215
358,18,female,0,22,24.0378607421865
359,18,female,0,23,24.1826624730707
360,18,female,0,24,24.5404744952462
361,19,male,1,5,20.6025453376303
362,19,male,1,6,21.3700104575387
363,19,male,1,7,21.73804841846
364,19,male,1,8,22.838721199214
365,19,male,1,9,23.3237145163514
366,19,male,1,10,23.766739909035
367,19,male,1,11,24.4995881287156
368,19,male,1,12,25.3965252610429
369,19,male,1,13,26.0935736356869
370,19,male,1,14,26.2051811246175
371,19,male,1,15,27.0171891782447
372,19,male,1,16,27.5873454137864
373,19,male,1,17,28.5592708565135
374,19,male,1,18,29.1234604157388
375,19,male,1,19,30.1781174505707
376,19,male,1,20,30.9116029618363
377,19,male,1,21,31.6350433783693
378,19,male,1,22,31.6154751719033
379,19,male,1,23,32.6700709430553
380,19,male,1,24,33.0178041592873
381,20,male,1,5,17.9679759017835
382,20,male,1,6,18.4110872682469
383,20,male,1,7,18.500644965731
384,20,male,1,8,18.7150778157588
385,20,male,1,9,19.1203690013
386,20,male,1,10,19.1833406326672
387,20,male,1,11,19.6119851778582
388,20,male,1,12,20.313848466496
389,20,male,1,13,20.0469448953995
390,20,male,1,14,20.7833345069649
391,20,male,1,15,20.545408061928
392,20,male,1,16,21.0940556008905
393,20,male,1,17,21.3595122730552
394,20,male,1,18,21.8557539935549
395,20,male,1,19,21.9139683085529
396,20,male,1,20,22.5636145495127
397,20,male,1,21,22.5484281962876
398,20,male,1,22,22.5941779061274
399,20,male,1,23,22.952531627541
400,20,male,1,24,23.9317423288659
401,21,female,0,5,19.7659730829486
402,21,female,0,6,20.4283261297722
403,21,female,0,7,21.2596499280788
404,21,female,0,8,21.3079763206293
405,21,female,0,9,21.9647299619546
406,21,female,0,10,22.6330980298085
407,21,female,0,11,22.6688938291888
408,21,female,0,12,23.3700678479861
409,21,female,0,13,24.4008784504289
410,21,female,0,14,24.5796719031874
411,21,female,0,15,25.4133026307689
412,21,female,0,16,25.4724930737843
413,21,female,0,17,26.4048176073975
414,21,female,0,18,26.870758190892
415,21,female,0,19,27.7992625230102
416,21,female,0,20,28.296810758719
417,21,female,0,21,28.6369582570272
418,21,female,0,22,29.1669744457371
419,21,female,0,23,29.5401902703866
420,21,female,0,24,30.2302643666294
421,22,female,0,5,19.1394036360608
422,22,female,0,6,19.4959014704545
423,22,female,0,7,20.6238722951981
424,22,female,0,8,20.6596728861297
425,22,female,0,9,21.0224269801501
426,22,female,0,10,21.893725684658
427,22,female,0,11,22.2253517098032
428,22,female,0,12,22.8804497206495
429,22,female,0,13,22.9488260390291
430,22,female,0,14,23.6572966764988
431,22,female,0,15,23.9887486546598
432,22,female,0,16,24.4244041798414
433,22,female,0,17,24.6808167849517
434,22,female,0,18,25.2096847273716
435,22,female,0,19,25.4998828340524
436,22,female,0,20,26.8897407550627
437,22,female,0,21,26.3999927784575
438,22,female,0,22,26.9364681971515
439,22,female,0,23,27.6371672457877
440,22,female,0,24,27.9309156532579
441,23,male,1,5,22.1716648012763
442,23,male,1,6,22.89481044604
443,23,male,1,7,23.8218938072705
444,23,male,1,8,24.5112295120073
445,23,male,1,9,25.4288799995027
446,23,male,1,10,26.1822184286367
447,23,male,1,11,27.349655355001
448,23,male,1,12,27.7185552596451
449,23,male,1,13,28.7984370462374
450,23,male,1,14,29.4788679312711
451,23,male,1,15,30.5995533397614
452,23,male,1,16,30.9326037174678
453,23,male,1,17,32.1863846106688
454,23,male,1,18,33.2613736836658
455,23,male,1,19,33.8957687860434
456,23,male,1,20,34.7138067635337
457,23,male,1,21,35.7742063345509
458,23,male,1,22,36.7126824321798
459,23,male,1,23,37.1428130433247
460,23,male,1,24,37.8969256808834
461,24,female,0,5,18.3884678577765
462,24,female,0,6,19.2082921068275
463,24,female,0,7,19.5415296697037
464,24,female,0,8,20.3825431817379
465,24,female,0,9,20.5904611084259
466,24,female,0,10,21.2209848184802
467,24,female,0,11,21.5228286309908
468,24,female,0,12,22.8911015130196
469,24,female,0,13,22.9768674288342
470,24,female,0,14,23.5615751196926
471,24,female,0,15,24.2425571182788
472,24,female,0,16,25.1052633063294
473,24,female,0,17,25.4654525576424
474,24,female,0,18,26.0977700076269
475,24,female,0,19,26.8824421245068
476,24,female,0,20,27.2204610068516
477,24,female,0,21,28.0825063204586
478,24,female,0,22,28.4795352066105
479,24,female,0,23,29.2964288131107
480,24,female,0,24,29.50195504435
481,25,male,1,5,19.2045747935191
482,25,male,1,6,20.5185693969882
483,25,male,1,7,21.6257117943286
484,25,male,1,8,22.0222470299596
485,25,male,1,9,23.4375873113943
486,25,male,1,10,24.5466876722215
487,25,male,1,11,24.7445223066438
488,25,male,1,12,25.820011058861
489,25,male,1,13,26.8924708701167
490,25,male,1,14,28.1790740177075
491,25,male,1,15,28.8405412688722
492,25,male,1,16,29.6931161725408
493,25,male,1,17,30.952764984531
494,25,male,1,18,31.4175057814868
495,25,male,1,19,32.6239742670056
496,25,male,1,20,33.6466284133573
497,25,male,1,21,34.799545247678
498,25,male,1,22,35.4627812282619
499,25,male,1,23,36.3623733271778
500,25,male,1,24,37.3727897937717
501,26,male,1,5,21.115899773529
502,26,male,1,6,22.245634197256
503,26,male,1,7,23.1426299824822
504,26,male,1,8,23.8889930177292
505,26,male,1,9,24.6195750828131
506,26,male,1,10,25.968588009876
507,26,male,1,11,26.998733006377
508,26,male,1,12,27.6611823781907
509,26,male,1,13,28.8865785516675
510,26,male,1,14,29.8326894931201
511,26,male,1,15,31.1476346553657
512,26,male,1,16,32.0215196694483
513,26,male,1,17,33.0609751709056
514,26,male,1,18,34.1775221306884
515,26,male,1,19,35.0801625565831
516,26,male,1,20,35.4727651193416
517,26,male,1,21,36.9338160871211
518,26,male,1,22,37.7104697016184
519,26,male,1,23,38.9078958879887
520,26,male,1,24,40.1992152684648
521,27,male,1,5,21.5288364249167
522,27,male,1,6,22.5225409236667
523,27,male,1,7,23.4738400767888
524,27,male,1,8,24.2204185891141
525,27,male,1,9,24.9432980926977
526,27,male,1,10,25.9146444317573
527,27,male,1,11,26.5733357859946
528,27,male,1,12,27.3406037765402
529,27,male,1,13,28.1339364465468
530,27,male,1,14,29.4305713974272
531,27,male,1,15,30.1140497691196
532,27,male,1,16,30.8027810149445
533,27,male,1,17,31.8264131793255
534,27,male,1,18,32.6531780661078
535,27,male,1,19,33.7994121066696
536,27,male,1,20,34.4380207852366
537,27,male,1,21,35.6366362868185
538,27,male,1,22,36.1244988524811
539,27,male,1,23,37.1925459224929
540,27,male,1,24,37.6143144156275
541,28,male,1,5,18.1075142560482
542,28,male,1,6,18.6448425651809
543,28,male,1,7,19.9070265367741
544,28,male,1,8,20.5996508257933
545,28,male,1,9,20.9336957627285
546,28,male,1,10,21.3738342420169
547,28,male,1,11,22.2318597836535
548,28,male,1,12,22.900771497286
549,28,male,1,13,23.306876652226
550,28,male,1,14,23.8297339022957
551,28,male,1,15,24.5293687226256
552,28,male,1,16,25.4262881145934
553,28,male,1,17,25.7865970226377
554,28,male,1,18,26.4159980609265
555,28,male,1,19,26.9959870189315
556,28,male,1,20,27.7135300002786
557,28,male,1,21,28.6945727589632
558,28,male,1,22,29.063456585939
559,28,male,1,23,29.6647681803858
560,28,male,1,24,30.3333174494278
561,29,female,0,5,18.8562923215438
562,29,female,0,6,19.1839455823223
563,29,female,0,7,20.1158089893934
564,29,female,0,8,20.6699083463129
565,29,female,0,9,21.2414294968084
566,29,female,0,10,21.909756713727
567,29,female,0,11,22.6242266928514
568,29,female,0,12,22.9160321254672
569,29,female,0,13,23.8467191187306
570,29,female,0,14,24.3904294024212
571,29,female,0,15,25.0356346784619
572,29,female,0,16,25.4656454927723
573,29,female,0,17,26.2598272129997
574,29,female,0,18,27.0693775030848
575,29,female,0,19,27.2099124378041
576,29,female,0,20,27.9700827876546
577,29,female,0,21,28.4888556113985
578,29,female,0,22,29.1470598367793
579,29,female,0,23,29.8673942608712
580,29,female,0,24,30.5985740974282
581,30,female,0,5,17.3531923692414
582,30,female,0,6,17.9386739223775
583,30,female,0,7,18.1835444957651
584,30,female,0,8,18.7250481415715
585,30,female,0,9,18.9521264558839
586,30,female,0,10,19.2181014165826
587,30,female,0,11,20.288638434177
588,30,female,0,12,20.4961604763247
589,30,female,0,13,20.5806540308006
590,30,female,0,14,20.729444698166
591,30,female,0,15,21.6012836982801
592,30,female,0,16,22.1291440312867
593,30,female,0,17,22.5055715443244
594,30,female,0,18,22.7233147139958
595,30,female,0,19,23.1120526660228
596,30,female,0,20,23.3923925611084
597,30,female,0,21,23.6171320357275
598,30,female,0,22,24.2736183720539
599,30,female,0,23,24.8231730307663
600,30,female,0,24,25.0924209152627
601,31,male,1,5,22.6923574246754
602,31,male,1,6,23.7539046694583
603,31,male,1,7,24.9765451832841
604,31,male,1,8,25.6503236779857
605,31,male,1,9,26.5708746102236
606,31,male,1,10,27.2596320404844
607,31,male,1,11,28.1923846829797
608,31,male,1,12,29.0396168122217
609,31,male,1,13,29.7643712093376
610,31,male,1,14,30.7784949243492
611,31,male,1,15,32.1297693551206
612,31,male,1,16,32.8392821863682
613,31,male,1,17,33.8009776646534
614,31,male,1,18,35.0136097567476
615,31,male,1,19,35.8253853932767
616,31,male,1,20,36.2155608834188
617,31,male,1,21,37.7406243576692
618,31,male,1,22,38.2860514112775
619,31,male,1,23,39.0856161655242
620,31,male,1,24,40.8167593324975
621,32,male,1,5,19.8084611124512
622,32,male,1,6,20.9168656199513
623,32,male,1,7,21.6626645370492
624,32,male,1,8,21.9632945133966
625,32,male,1,9,22.8666487724116
626,32,male,1,10,23.1128721194401
627,32,male,1,11,24.1672962136063
628,32,male,1,12,25.0015870913013
629,32,male,1,13,25.3162096121586
630,32,male,1,14,25.9681517702956
631,32,male,1,15,26.5757666371631
632,32,male,1,16,27.4213675949776
633,32,male,1,17,28.0806622397998
634,32,male,1,18,28.5004216930112
635,32,male,1,19,28.794587142587
636,32,male,1,20,30.1467500715054
637,32,male,1,21,30.7206375725527
638,32,male,1,22,31.177957792618
639,32,male,1,23,31.6768712963186
640,32,male,1,24,31.9618494750195
641,33,male,1,5,20.3860621193874
642,33,male,1,6,21.6501854286755
643,33,male,1,7,21.9051217479954
644,33,male,1,8,23.1034177198427
645,33,male,1,9,24.0145918195412
646,33,male,1,10,24.7817258792911
647,33,male,1,11,25.8279112057659
648,33,male,1,12,26.1412991188758
649,33,male,1,13,27.0255076763891
650,33,male,1,14,27.962412663773
651,33,male,1,15,28.8923706882562
652,33,male,1,16,29.3550391213089
653,33,male,1,17,30.2574812197017
654,33,male,1,18,30.929567170671
655,33,male,1,19,31.8929759675336
656,33,male,1,20,32.7566520829496
657,33,male,1,21,33.4243657669571
658,33,male,1,22,34.3398871173551
659,33,male,1,23,34.9413375873766
660,33,male,1,24,35.4473611564585
661,34,female,0,5,17.4229077792654
662,34,female,0,6,18.6478527607358
663,34,female,0,7,19.1051157649824
664,34,female,0,8,19.0579564638457
665,34,female,0,9,20.1210675937913
666,34,female,0,10,20.6450505442901
667,34,female,0,11,20.994863337289
668,34,female,0,12,21.4578605948695
669,34,female,0,13,21.9593705154789
670,34,female,0,14,22.83719011946
671,34,female,0,15,22.8248177154842
672,34,female,0,16,23.9977346016102
673,34,female,0,17,24.2353454126246
674,34,female,0,18,25.1587014222513
675,34,female,0,19,25.8250095128231
676,34,female,0,20,25.916456007825
677,34,female,0,21,26.7643063854825
678,34,female,0,22,27.2036200462297
679,34,female,0,23,27.4631318137604
680,34,female,0,24,28.2060821839758
681,35,female,0,5,16.3258125359307
682,35,female,0,6,17.0815453281923
683,35,female,0,7,17.8969784380549
684,35,female,0,8,18.1857582577066
685,35,female,0,9,18.7373003448139
686,35,female,0,10,19.376245198831
687,35,female,0,11,20.0750632977076
688,35,female,0,12,20.1232077615822
689,35,female,0,13,20.8613389569899
690,35,female,0,14,21.0692725777612
691,35,female,0,15,22.2259109025299
692,35,female,0,16,22.4083294817779
693,35,female,0,17,23.0474463163131
694,35,female,0,18,24.0452226799971
695,35,female,0,19,23.9926039239291
696,35,female,0,20,24.6700882942127
697,35,female,0,21,25.3166850749372
698,35,female,0,22,25.8328243630841
699,35,female,0,23,26.4408181455971
700,35,female,0,24,27.0816914481767
701,36,female,0,5,18.1738250556754
702,36,female,0,6,18.5908719673304
703,36,female,0,7,18.3420839724043
704,36,female,0,8,19.2544339228113
705,36,female,0,9,19.6125008171321
706,36,female,0,10,19.8922764642139
707,36,female,0,11,20.4243613450269
708,36,female,0,12,21.0727952982417
709,36,female,0,13,21.5101213524589
710,36,female,0,14,21.7629129222713
711,36,female,0,15,21.9486630391604
712,36,female,0,16,22.5208946086162
713,36,female,0,17,23.004829091034
714,36,female,0,18,23.3674012376344
715,36,female,0,19,23.7012771515306
716,36,female,0,20,24.3363747498834
717,36,female,0,21,25.0901199977648
718,36,female,0,22,24.8868957120736
719,36,female,0,23,26.0113230710395
720,36,female,0,24,25.7880766577865
721,37,female,0,5,17.8143118149577
722,37,female,0,6,18.2718862761732
723,37,female,0,7,19.0199857220511
724,37,female,0,8,18.8938040347874
725,37,female,0,9,19.8389970862932
726,37,female,0,10,20.1623145976063
727,37,female,0,11,21.1537120637062
728,37,female,0,12,21.3301133285155
729,37,female,0,13,21.5900073646036
730,37,female,0,14,22.1678681265128
731,37,female,0,15,22.7373005084518
732,37,female,0,16,23.0487679823444
733,37,female,0,17,23.5824215671592
734,37,female,0,18,24.302555197333
735,37,female,0,19,24.8744496211082
736,37,female,0,20,25.3765583409969
737,37,female,0,21,25.9270125149898
738,37,female,0,22,26.1463877185747
739,37,female,0,23,26.8860282905587
740,37,female,0,24,26.5571731046677
741,38,male,1,5,22.9149407709317
742,38,male,1,6,22.9697667214566
743,38,male,1,7,24.0795045916785
744,38,male,1,8,24.5892506184446
745,38,male,1,9,25.2420107191737
746,38,male,1,10,26.0283526700053
747,38,male,1,11,26.7505078093331
748,38,male,1,12,27.344382975148
749,38,male,1,13,28.1021396662002
750,38,male,1,14,28.2176178894907
751,38,male,1,15,29.5395689340371
752,38,male,1,16,29.678194375076
753,38,male,1,17,30.7876927043431
754,38,male,1,18,31.6994549689469
755,38,male,1,19,32.373814273517
756,38,male,1,20,32.7350479447567
757,38,male,1,21,33.6836951994578
758,38,male,1,22,34.2664301780729
759,38,male,1,23,34.9925516408372
760,38,male,1,24,35.6898335489436
761,39,female,0,5,18.580740043371
762,39,female,0,6,19.3572960837113
763,39,female,0,7,19.624731958511
764,39,female,0,8,20.2332700482292
765,39,female,0,9,20.5608401047858
766,39,female,0,10,20.8647054610528
767,39,female,0,11,21.6715349887096
768,39,female,0,12,21.5948661875267
769,39,female,0,13,22.5225755868862
770,39,female,0,14,23.0349321265575
771,39,female,0,15,23.7802025725631
772,39,female,0,16,24.058718847769
773,39,female,0,17,24.3718966218971
774,39,female,0,18,24.6413003320836
775,39,female,0,19,25.2602219075025
776,39,female,0,20,25.6588272898465
777,39,female,0,21,26.7575962843659
778,39,female,0,22,26.2792932769528
779,39,female,0,23,27.3223046535589
780,39,female,0,24,28.1440098987773
781,40,female,0,5,20.5439766663907
782,40,female,0,6,21.0325651475014
783,40,female,0,7,21.6336627208733
784,40,female,0,8,22.1652478092133
785,40,female,0,9,23.2361545209538
786,40,female,0,10,23.7030152912552
787,40,female,0,11,24.3926181217226
788,40,female,0,12,25.6718493395922
789,40,female,0,13,25.6784420232446
790,40,female,0,14,26.4109525405119
791,40,female,0,15,26.5998230972305
792,40,female,0,16,27.7894006810028
793,40,female,0,17,28.5947048622498
794,40,female,0,18,28.9565545775558
795,40,female,0,19,30.1004565428117
796,40,female,0,20,30.7083039282624
797,40,female,0,21,30.8470579072212
798,40,female,0,22,31.6049385496485
799,40,female,0,23,32.7042611682156
800,40,female,0,24,33.1667819680398
801,41,female,0,5,19.598580466273
802,41,female,0,6,19.8558284593303
803,41,female,0,7,20.1657189590908
804,41,female,0,8,21.0517671919991
805,41,female,0,9,21.1975341668388
806,41,female,0,10,22.1126650177107
807,41,female,0,11,22.8522148670752
808,41,female,0,12,23.128695472374
809,41,female,0,13,23.6620511876061
810,41,female,0,14,24.2197661549544
811,41,female,0,15,24.4432206940544
812,41,female,0,16,25.3569312973297
813,41,female,0,17,26.0919398588796
814,41,female,0,18,25.9268221884458
815,41,female,0,19,26.7696853620247
816,41,female,0,20,27.4144265229385
817,41,female,0,21,28.0651875877783
818,41,female,0,22,28.2729112060444
819,41,female,0,23,29.0347535305168
820,41,female,0,24,28.8868353252671
821,42,male,1,5,22.8288677340085
822,42,male,1,6,23.7030477361797
823,42,male,1,7,24.5448272230641
824,42,male,1,8,25.4849934169025
825,42,male,1,9,26.657202918759
826,42,male,1,10,27.7494771712365
827,42,male,1,11,28.2791761197047
828,42,male,1,12,29.4026845213538
829,42,male,1,13,30.4216112875213
830,42,male,1,14,31.500265681545
831,42,male,1,15,32.5931939228541
832,42,male,1,16,33.18581959024
833,42,male,1,17,34.7070454514573
834,42,male,1,18,35.4489051292296
835,42,male,1,19,36.3222949068174
836,42,male,1,20,37.5621787049846
837,42,male,1,21,38.5181758257347
838,42,male,1,22,39.28342540925
839,42,male,1,23,40.5502979767887
840,42,male,1,24,41.2668313897093
841,43,male,1,5,20.9404817723322
842,43,male,1,6,22.209155957553
843,43,male,1,7,22.9786564055101
844,43,male,1,8,23.5976967290944
845,43,male,1,9,24.9917975493935
846,43,male,1,10,25.6903637289567
847,43,male,1,11,26.8193959214001
848,43,male,1,12,27.1981641619632
849,43,male,1,13,28.439445753303
850,43,male,1,14,29.1875651916722
851,43,male,1,15,30.1054083457791
852,43,male,1,16,31.6087049977593
853,43,male,1,17,32.3582823376828
854,43,male,1,18,32.6442353629648
855,43,male,1,19,34.0813152998851
856,43,male,1,20,34.5673410102411
857,43,male,1,21,35.7178340775949
858,43,male,1,22,36.8613537243863
859,43,male,1,23,37.6075842054977
860,43,male,1,24,38.5832569371584
861,44,male,1,5,21.1040884345707
862,44,male,1,6,21.9084955084461
863,44,male,1,7,22.4118957304272
864,44,male,1,8,23.4295112781465
865,44,male,1,9,24.413080212787
866,44,male,1,10,24.9193209032688
867,44,male,1,11,25.8095463073213
868,44,male,1,12,26.5306828713029
869,44,male,1,13,27.8965051521727
870,44,male,1,14,28.6736617467
871,44,male,1,15,29.3170931037234
872,44,male,1,16,30.3257065322203
873,44,male,1,17,31.0627383095666
874,44,male,1,18,32.2184066007018
875,44,male,1,19,32.8932756465826
876,44,male,1,20,33.7557266865719
877,44,male,1,21,34.5809548408402
878,44,male,1,22,35.7012946424378
879,44,male,1,23,36.2491998455878
880,44,male,1,24,37.331497426144
881,45,male,1,5,21.7952258578834
882,45,male,1,6,22.7732652067566
883,45,male,1,7,23.0233007776689
884,45,male,1,8,24.3602417102646
885,45,male,1,9,24.907813290699
886,45,male,1,10,25.6957910570336
887,45,male,1,11,26.7311273482074
888,45,male,1,12,27.2159629747075
889,45,male,1,13,28.3381895838966
890,45,male,1,14,29.1546573765223
891,45,male,1,15,29.6845557501823
892,45,male,1,16,30.7531159206875
893,45,male,1,17,31.4585314236137
894,45,male,1,18,32.4518185682447
895,45,male,1,19,33.0837409712307
896,45,male,1,20,33.9495033022658
897,45,male,1,21,34.9020833644411
898,45,male,1,22,35.39242605335
899,45,male,1,23,36.655411782227
900,45,male,1,24,37.2640994210899
901,46,female,0,5,17.384813281156
902,46,female,0,6,17.3238582140758
903,46,female,0,7,18.0573679321623
904,46,female,0,8,18.7174245262496
905,46,female,0,9,19.4722195695877
906,46,female,0,10,19.6284083488051
907,46,female,0,11,20.311701888351
908,46,female,0,12,20.8409344766891
909,46,female,0,13,21.3181428557851
910,46,female,0,14,21.78267501444
911,46,female,0,15,22.492087940547
912,46,female,0,16,23.1244542235973
913,46,female,0,17,23.3360133307084
914,46,female,0,18,23.8929633440338
915,46,female,0,19,24.2258433425394
916,46,female,0,20,24.6524826910112
917,46,female,0,21,25.247257737961
918,46,female,0,22,26.0702824740173
919,46,female,0,23,26.1881280305581
920,46,female,0,24,26.7894226665555
921,47,male,1,5,19.261937006877
922,47,male,1,6,20.7459140474674
923,47,male,1,7,21.1552590263424
924,47,male,1,8,21.8557538164219
925,47,male,1,9,22.2415378012676
926,47,male,1,10,23.1795125577771
927,47,male,1,11,23.4384456338799
928,47,male,1,12,24.4370563321234
929,47,male,1,13,24.9549173470757
930,47,male,1,14,25.9124278352964
931,47,male,1,15,26.4207700354929
932,47,male,1,16,26.9778824205708
933,47,male,1,17,27.515828050762
934,47,male,1,18,27.9905509258459
935,47,male,1,19,28.8811894623173
936,47,male,1,20,29.6407819783001
937,47,male,1,21,30.4298498786558
938,47,male,1,22,31.2467639320744
939,47,male,1,23,31.353620323898
940,47,male,1,24,32.2438244124411
941,48,female,0,5,20.0455348190933
942,48,female,0,6,21.4720573881938
943,48,female,0,7,21.2140390914804
944,48,female,0,8,22.3637585773971
945,48,female,0,9,22.9930442447546
946,48,female,0,10,23.7770364029777
947,48,female,0,11,24.4666894144147
948,48,female,0,12,25.0649481300811
949,48,female,0,13,25.9467329659973
950,48,female,0,14,26.7967620449631
951,48,female,0,15,27.3279826884699
952,48,female,0,16,28.1296435777545
953,48,female,0,17,28.5900773438393
954,48,female,0,18,29.5233635113433
955,48,female,0,19,30.1429407012611
956,48,female,0,20,30.1487882019331
957,48,female,0,21,31.0305296013453
958,48,female,0,22,31.7970651369886
959,48,female,0,23,33.0894809595801
960,48,female,0,24,33.6380820621414
961,49,female,0,5,18.4740817455909
962,49,female,0,6,18.526079013492
963,49,female,0,7,19.2826728858378
964,49,female,0,8,19.8850193768172
965,49,female,0,9,19.7361683334745
966,49,female,0,10,20.2332280890585
967,49,female,0,11,20.594491314975
968,49,female,0,12,21.1282751868147
969,49,female,0,13,22.1361111593724
970,49,female,0,14,21.845632623666
971,49,female,0,15,22.7657530151622
972,49,female,0,16,22.7240788666264
973,49,female,0,17,23.6636095920057
974,49,female,0,18,23.7980407633355
975,49,female,0,19,24.4763621216875
976,49,female,0,20,24.9537336680787
977,49,female,0,21,25.610286029631
978,49,female,0,22,25.6093100340869
979,49,female,0,23,26.247568164876
980,49,female,0,24,26.5923713638337
981,50,female,0,5,17.1292876431029
982,50,female,0,6,17.6865897212097
983,50,female,0,7,17.6708722451416
984,50,female,0,8,18.6836756716238
985,50,female,0,9,19.4844268560246
986,50,female,0,10,19.7071634211816
987,50,female,0,11,20.3246888289317
988,50,female,0,12,20.4372009023167
989,50,female,0,13,20.9209755785999
990,50,female,0,14,21.239624112461
991,50,female,0,15,21.7324331008901
992,50,female,0,16,22.7789990611085
993,50,female,0,17,22.8754213168218
994,50,female,0,18,23.7292092943805
995,50,female,0,19,24.2727661873855
996,50,female,0,20,24.3989420844583
997,50,female,0,21,24.9662876035317
998,50,female,0,22,25.374933130839
999,50,female,0,23,25.9154345983979
1000,50,female,0,24,26.6811967779402
1001,51,female,0,5,18.1763543493857
1002,51,female,0,6,18.9882937569613
1003,51,female,0,7,19.2950766422914
1004,51,female,0,8,19.9102488945452
1005,51,female,0,9,19.992994943441
1006,51,female,0,10,20.7493332333192
1007,51,female,0,11,20.9432789290466
1008,51,female,0,12,21.3246008953033
1009,51,female,0,13,22.1305253362164
1010,51,female,0,14,22.2378837891648
1011,51,female,0,15,22.9364106070302
1012,51,female,0,16,23.6336081447306
1013,51,female,0,17,23.9383816829155
1014,51,female,0,18,24.581776761442
1015,51,female,0,19,24.6385210615613
1016,51,female,0,20,25.6545074634309
1017,51,female,0,21,26.0817347949758
1018,51,female,0,22,26.3927739633157
1019,51,female,0,23,26.6678599450215
1020,51,female,0,24,27.3403143050651
1021,52,female,0,5,16.6862144012953
1022,52,female,0,6,17.0081535345915
1023,52,female,0,7,17.1185308969876
1024,52,female,0,8,18.0170742052256
1025,52,female,0,9,18.259550116217
1026,52,female,0,10,18.6341883268889
1027,52,female,0,11,18.674438309367
1028,52,female,0,12,19.3294795891837
1029,52,female,0,13,19.5545102529832
1030,52,female,0,14,19.8789696630581
1031,52,female,0,15,20.3311459169568
1032,52,female,0,16,20.3432573577042
1033,52,female,0,17,20.8233409966173
1034,52,female,0,18,21.6045379895157
1035,52,female,0,19,21.6304313323094
1036,52,female,0,20,22.12204590162
1037,52,female,0,21,22.5324729417611
1038,52,female,0,22,22.9904857849374
1039,52,female,0,23,23.0621171308243
1040,52,female,0,24,23.6199587729147
1041,53,female,0,5,20.2683019103639
1042,53,female,0,6,21.1553768307215
1043,53,female,0,7,21.3607137767828
1044,53,female,0,8,21.9768645607199
1045,53,female,0,9,22.1656667711928
1046,53,female,0,10,23.078174453275
1047,53,female,0,11,23.2434825841322
1048,53,female,0,12,24.4139161003472
1049,53,female,0,13,24.8944630976016
1050,53,female,0,14,25.4573067726019
1051,53,female,0,15,25.5864055724316
1052,53,female,0,16,26.0870859185555
1053,53,female,0,17,27.2031833558938
1054,53,female,0,18,27.2921633758442
1055,53,female,0,19,27.471691545844
1056,53,female,0,20,28.3675668360965
1057,53,female,0,21,29.0444320058703
1058,53,female,0,22,29.5467165320787
1059,53,female,0,23,30.2759155945617
1060,53,female,0,24,30.3442181300606
1061,54,male,1,5,21.9043495082124
1062,54,male,1,6,22.8865303999223
1063,54,male,1,7,23.9570838790577
1064,54,male,1,8,24.472203307744
1065,54,male,1,9,25.0459069333699
1066,54,male,1,10,25.9496998730909
1067,54,male,1,11,26.7879966919338
1068,54,male,1,12,27.3591202371093
1069,54,male,1,13,28.3945183403655
1070,54,male,1,14,29.1613105425498
1071,54,male,1,15,30.0251871076111
1072,54,male,1,16,30.3908641961152
1073,54,male,1,17,31.3362657627041
1074,54,male,1,18,31.7626118014303
1075,54,male,1,19,33.3328174727041
1076,54,male,1,20,33.3706261107316
1077,54,male,1,21,34.5210831735129
1078,54,male,1,22,35.0515394496361
1079,54,male,1,23,35.7946764780698
1080,54,male,1,24,36.4896965239242
1081,55,female,0,5,19.4039170845146
1082,55,female,0,6,20.1550377484658
1083,55,female,0,7,20.4820339126309
1084,55,female,0,8,20.8400822469298
1085,55,female,0,9,21.8142495792096
1086,55,female,0,10,22.2903530889319
1087,55,female,0,11,23.13843036294
1088,55,female,0,12,23.710177567117
1089,55,female,0,13,24.0908342422936
1090,55,female,0,14,24.7032114975157
1091,55,female,0,15,25.5815471487138
1092,55,female,0,16,26.5279864616065
1093,55,female,0,17,27.1022020166135
1094,55,female,0,18,27.2645159082005
1095,55,female,0,19,27.8126709963985
1096,55,female,0,20,28.5913017486007
1097,55,female,0,21,29.1287615949402
1098,55,female,0,22,29.5984302204545
1099,55,female,0,23,30.4164793260884
1100,55,female,0,24,31.2673323316146
1101,56,male,1,5,19.9404375457609
1102,56,male,1,6,21.1817293473853
1103,56,male,1,7,21.9323292239241
1104,56,male,1,8,22.3269970975701
1105,56,male,1,9,23.6584230805421
1106,56,male,1,10,24.168269159122
1107,56,male,1,11,24.7450749970281
1108,56,male,1,12,26.1818485477231
1109,56,male,1,13,26.6071992481022
1110,56,male,1,14,28.0136795328586
1111,56,male,1,15,28.2668534236289
1112,56,male,1,16,29.0560816618497
1113,56,male,1,17,30.2299544017328
1114,56,male,1,18,30.8521499182782
1115,56,male,1,19,31.6331380761855
1116,56,male,1,20,32.4357574244311
1117,56,male,1,21,33.3069776155235
1118,56,male,1,22,33.8211840241422
1119,56,male,1,23,34.7800421021686
1120,56,male,1,24,35.7117298070549
1121,57,female,0,5,18.0752052185688
1122,57,female,0,6,18.4523568160508
1123,57,female,0,7,19.0111827669605
1124,57,female,0,8,19.303032836817
1125,57,female,0,9,20.0327253130366
1126,57,female,0,10,20.8795157966397
1127,57,female,0,11,20.962111524136
1128,57,female,0,12,21.4474611660873
1129,57,female,0,13,22.0064903722306
1130,57,female,0,14,22.5584469869725
1131,57,female,0,15,22.5293641115169
1132,57,female,0,16,23.1246561894685
1133,57,female,0,17,23.6209608866551
1134,57,female,0,18,24.5395626467843
1135,57,female,0,19,25.1260937681911
1136,57,female,0,20,25.6319707615057
1137,57,female,0,21,25.945126790437
1138,57,female,0,22,25.8908503259832
1139,57,female,0,23,26.8549616807175
1140,57,female,0,24,27.1128186826464
1141,58,female,0,5,16.1626519118814
1142,58,female,0,6,16.7816876406855
1143,58,female,0,7,17.0487768324306
1144,58,female,0,8,17.3044980265542
1145,58,female,0,9,17.9326684764317
1146,58,female,0,10,18.4334341276552
1147,58,female,0,11,19.4164806518678
1148,58,female,0,12,19.6398233196915
1149,58,female,0,13,20.3591748331402
1150,58,female,0,14,20.9567409315529
1151,58,female,0,15,21.3745319375937
1152,58,female,0,16,21.7076543412268
1153,58,female,0,17,22.1919528980915
1154,58,female,0,18,22.8661176855465
1155,58,female,0,19,23.7699190182209
1156,58,female,0,20,23.7209651018105
1157,58,female,0,21,24.9040257596694
1158,58,female,0,22,24.9680003949934
1159,58,female,0,23,25.2714185288487
1160,58,female,0,24,25.9717327073854
1161,59,male,1,5,21.926755890826
1162,59,male,1,6,23.1002790162851
1163,59,male,1,7,23.9829809881535
1164,59,male,1,8,24.8346526590936
1165,59,male,1,9,25.8400573800431
1166,59,male,1,10,26.8764407037889
1167,59,male,1,11,27.9781784134528
1168,59,male,1,12,29.19188650175
1169,59,male,1,13,29.6449784736891
1170,59,male,1,14,30.8380846100088
1171,59,male,1,15,31.8441394799701
1172,59,male,1,16,32.5881762626926
1173,59,male,1,17,33.9655798643497
1174,59,male,1,18,34.5906040556802
1175,59,male,1,19,35.7086554598017
1176,59,male,1,20,36.8006417055882
1177,59,male,1,21,37.8479540472851
1178,59,male,1,22,38.8837615336567
1179,59,male,1,23,39.646495992055
1180,59,male,1,24,40.5950337046663
1181,60,female,0,5,19.1454463319726
1182,60,female,0,6,20.426709344855
1183,60,female,0,7,20.7928947042607
1184,60,female,0,8,21.2717459908957
1185,60,female,0,9,21.5791029436614
1186,60,female,0,10,22.0506302906671
1187,60,female,0,11,22.5534120788526
1188,60,female,0,12,22.8354077877931
1189,60,female,0,13,23.7366307147102
1190,60,female,0,14,24.1881854636802
1191,60,female,0,15,24.3942880208199
1192,60,female,0,16,24.8587333364449
1193,60,female,0,17,25.3797918518576
1194,60,female,0,18,26.1842852231019
1195,60,female,0,19,26.3205819658739
1196,60,female,0,20,26.8475764147272
1197,60,female,0,21,27.1872200373486
1198,60,female,0,22,27.7619265922865
1199,60,female,0,23,28.5488389764943
1200,60,female,0,24,28.7408193160169
1201,61,male,1,5,21.0659328234794
1202,61,male,1,6,22.1530709756357
1203,61,male,1,7,22.6093286180071
1204,61,male,1,8,23.5835170698556
1205,61,male,1,9,24.8960906754942
1206,61,male,1,10,25.6636089334405
1207,61,male,1,11,26.6270979282304
1208,61,male,1,12,27.8480411721723
1209,61,male,1,13,28.3914050774899
1210,61,male,1,14,29.1110734622602
1211,61,male,1,15,29.9311582253854
1212,61,male,1,16,30.9305923019929
1213,61,male,1,17,32.0314647378501
1214,61,male,1,18,32.8591539500195
1215,61,male,1,19,33.5455463560478
1216,61,male,1,20,34.6259414672021
1217,61,male,1,21,35.130704939226
1218,61,male,1,22,36.2988188988079
1219,61,male,1,23,37.2203760585119
1220,61,male,1,24,38.3397043881456
1221,62,female,0,5,16.4368165589593
1222,62,female,0,6,17.2424002145667
1223,62,female,0,7,17.3765447788041
1224,62,female,0,8,17.362124464175
1225,62,female,0,9,17.9382471252277
1226,62,female,0,10,18.3619658201514
1227,62,female,0,11,18.341446097701
1228,62,female,0,12,19.0697142810053
1229,62,female,0,13,19.0376978605164
1230,62,female,0,14,19.4177433947269
1231,62,female,0,15,19.5545329662694
1232,62,female,0,16,19.8159516954046
1233,62,female,0,17,20.2595422961284
1234,62,female,0,18,20.3425995340031
1235,62,female,0,19,20.8687677754229
1236,62,female,0,20,21.2402539185379
1237,62,female,0,21,21.3731119050334
1238,62,female,0,22,22.0256556659555
1239,62,female,0,23,22.0448202356641
1240,62,female,0,24,21.9520557048171
1241,63,male,1,5,19.8169656314141
1242,63,male,1,6,20.3244704009502
1243,63,male,1,7,21.7249720121317
1244,63,male,1,8,22.3355404467774
1245,63,male,1,9,23.1005868378134
1246,63,male,1,10,23.6133033503349
1247,63,male,1,11,24.5988092120528
1248,63,male,1,12,25.7536810381261
1249,63,male,1,13,26.3779934130497
1250,63,male,1,14,26.9311211064129
1251,63,male,1,15,27.6769547254397
1252,63,male,1,16,28.8265332020324
1253,63,male,1,17,29.3378219239959
1254,63,male,1,18,30.3021628120199
1255,63,male,1,19,30.9921006161072
1256,63,male,1,20,31.9654017077809
1257,63,male,1,21,32.4631374773729
1258,63,male,1,22,33.6576660872624
1259,63,male,1,23,34.5077433319497
1260,63,male,1,24,35.1973288485306
1261,64,male,1,5,23.8657934983953
1262,64,male,1,6,24.4723784480618
1263,64,male,1,7,24.8514417897814
1264,64,male,1,8,26.3304948872468
1265,64,male,1,9,27.3195568844039
1266,64,male,1,10,28.0883803529659
1267,64,male,1,11,29.222494741176
1268,64,male,1,12,30.1142204383219
1269,64,male,1,13,30.9404705246557
1270,64,male,1,14,31.2061070681822
1271,64,male,1,15,32.7386995082881
1272,64,male,1,16,33.3393663440257
1273,64,male,1,17,34.6935924742736
1274,64,male,1,18,35.3608470775751
1275,64,male,1,19,36.3506898953825
1276,64,male,1,20,37.5500060077812
1277,64,male,1,21,38.4476989636044
1278,64,male,1,22,38.9281224450136
1279,64,male,1,23,40.2453816562489
1280,64,male,1,24,41.1706886557315
1281,65,male,1,5,24.0866123932383
1282,65,male,1,6,25.3554670404822
1283,65,male,1,7,25.9465919405353
1284,65,male,1,8,27.8057967377766
1285,65,male,1,9,28.5127171465655
1286,65,male,1,10,30.0734815846297
1287,65,male,1,11,30.4203997182292
1288,65,male,1,12,31.9099373746117
1289,65,male,1,13,32.6802589989764
1290,65,male,1,14,34.0142515775153
1291,65,male,1,15,35.5632857887216
1292,65,male,1,16,36.3680801157983
1293,65,male,1,17,37.3071133032554
1294,65,male,1,18,38.0611018921874
1295,65,male,1,19,39.4789106124993
1296,65,male,1,20,40.7106249786561
1297,65,male,1,21,41.9252904603856
1298,65,male,1,22,43.115285063987
1299,65,male,1,23,43.7488782704336
1300,65,male,1,24,45.0253152666056
1301,66,female,0,5,17.5149963797887
1302,66,female,0,6,18.1261411052785
1303,66,female,0,7,18.8162694839681
1304,66,female,0,8,19.2023607840526
1305,66,female,0,9,19.4824438130611
1306,66,female,0,10,20.4882768196824
1307,66,female,0,11,21.5999045312306
1308,66,female,0,12,21.3327734033357
1309,66,female,0,13,21.7390614909508
1310,66,female,0,14,22.4431512383146
1311,66,female,0,15,23.5648496860643
1312,66,female,0,16,23.6859337076887
1313,66,female,0,17,24.1820141093906
1314,66,female,0,18,25.0740952573078
1315,66,female,0,19,25.6354792503037
1316,66,female,0,20,26.1346584280605
1317,66,female,0,21,26.8992606488098
1318,66,female,0,22,27.6399198145115
1319,66,female,0,23,28.0540584484842
1320,66,female,0,24,28.7680003809785
1321,67,male,1,5,20.4219847535345
1322,67,male,1,6,21.456992257262
1323,67,male,1,7,22.617514917327
1324,67,male,1,8,23.1184632604341
1325,67,male,1,9,24.4188011485377
1326,67,male,1,10,25.1226924133516
1327,67,male,1,11,26.1232161303023
1328,67,male,1,12,27.5994269899513
1329,67,male,1,13,28.2116873852462
1330,67,male,1,14,28.6514387277176
1331,67,male,1,15,29.8867421781741
1332,67,male,1,16,30.4300291267897
1333,67,male,1,17,31.8950170123842
1334,67,male,1,18,32.580827033178
1335,67,male,1,19,33.2806025876388
1336,67,male,1,20,34.2065241326338
1337,67,male,1,21,34.8911677835338
1338,67,male,1,22,35.8725054292768
1339,67,male,1,23,36.7099754838704
1340,67,male,1,24,37.7816996196192
1341,68,female,0,5,17.317906110173
1342,68,female,0,6,17.6114837775038
1343,68,female,0,7,18.2641442325305
1344,68,female,0,8,18.3428124274365
1345,68,female,0,9,19.1135845304962
1346,68,female,0,10,19.7457484427495
1347,68,female,0,11,20.176539697236
1348,68,female,0,12,20.3348595048839
1349,68,female,0,13,21.0025514882134
1350,68,female,0,14,21.7782556420368
1351,68,female,0,15,22.1595848181217
1352,68,female,0,16,22.5371008184805
1353,68,female,0,17,23.2049588099474
1354,68,female,0,18,23.7330565573868
1355,68,female,0,19,23.9737953276116
1356,68,female,0,20,24.6465799080419
1357,68,female,0,21,25.3098331387308
1358,68,female,0,22,25.5069473937285
1359,68,female,0,23,26.1791235778763
1360,68,female,0,24,26.407905907607
1361,69,male,1,5,19.4524358823349
1362,69,male,1,6,19.9272178854713
1363,69,male,1,7,20.9491802512701
1364,69,male,1,8,21.3597980916566
1365,69,male,1,9,22.0271490715745
1366,69,male,1,10,22.7961488631984
1367,69,male,1,11,23.3085327766893
1368,69,male,1,12,24.217741396174
1369,69,male,1,13,24.8846467040331
1370,69,male,1,14,25.5213641072142
1371,69,male,1,15,25.8305864078758
1372,69,male,1,16,27.0177592940427
1373,69,male,1,17,27.4673083749083
1374,69,male,1,18,28.1120218062759
1375,69,male,1,19,28.3877351631626
1376,69,male,1,20,29.1599957874054
1377,69,male,1,21,30.2521675229427
1378,69,male,1,22,31.0060792010591
1379,69,male,1,23,31.5818410831752
1380,69,male,1,24,32.3658885822806
1381,70,male,1,5,22.4476514052014
1382,70,male,1,6,23.3332017564
1383,70,male,1,7,24.3157355781839
1384,70,male,1,8,24.8194666463703
1385,70,male,1,9,26.0930460094482
1386,70,male,1,10,26.4355633784031
1387,70,male,1,11,27.6620089125339
1388,70,male,1,12,28.4408913498057
1389,70,male,1,13,29.5659102834044
1390,70,male,1,14,30.2222800061712
1391,70,male,1,15,31.1583079289735
1392,70,male,1,16,31.7974652071779
1393,70,male,1,17,32.6152287045164
1394,70,male,1,18,33.3262207564957
1395,70,male,1,19,34.6946297384016
1396,70,male,1,20,35.142256307467
1397,70,male,1,21,36.0690463382501
1398,70,male,1,22,36.7075757304604
1399,70,male,1,23,37.6056209167309
1400,70,male,1,24,38.5927951629736
1401,71,male,1,5,20.8590666749972
1402,71,male,1,6,21.4649414033702
1403,71,male,1,7,22.6925011642336
1404,71,male,1,8,23.4354063736292
1405,71,male,1,9,24.1163547225068
1406,71,male,1,10,24.9744293536746
1407,71,male,1,11,25.5666536198745
1408,71,male,1,12,26.4410370390749
1409,71,male,1,13,27.8486425474224
1410,71,male,1,14,28.1630016477746
1411,71,male,1,15,29.1135185293416
1412,71,male,1,16,29.9190242124593
1413,71,male,1,17,30.4904214205445
1414,71,male,1,18,31.575649139118
1415,71,male,1,19,32.4417179650727
1416,71,male,1,20,33.1833901911613
1417,71,male,1,21,34.0816089640911
1418,71,male,1,22,34.6218518760321
1419,71,male,1,23,35.6162278769155
1420,71,male,1,24,36.5375513735976
1421,72,female,0,5,17.3244406190135
1422,72,female,0,6,18.0516623046275
1423,72,female,0,7,18.6339875366748
1424,72,female,0,8,19.0066671740408
1425,72,female,0,9,19.4568557283158
1426,72,female,0,10,20.3667758837998
1427,72,female,0,11,20.6741341400751
1428,72,female,0,12,21.2329941582801
1429,72,female,0,13,21.5341339190012
1430,72,female,0,14,21.9369005598906
1431,72,female,0,15,22.6698187577437
1432,72,female,0,16,23.1244752073738
1433,72,female,0,17,23.6069932218279
1434,72,female,0,18,24.0213954905161
1435,72,female,0,19,24.7952821677555
1436,72,female,0,20,24.959215586692
1437,72,female,0,21,25.6469497757815
1438,72,female,0,22,26.2621186450013
1439,72,female,0,23,26.7883970942257
1440,72,female,0,24,27.3272898630441
1441,73,female,0,5,15.6818226834851
1442,73,female,0,6,16.5440391829655
1443,73,female,0,7,16.820760189828
1444,73,female,0,8,17.204842381798
1445,73,female,0,9,17.9908334906549
1446,73,female,0,10,18.4583044833436
1447,73,female,0,11,19.1121872080963
1448,73,female,0,12,19.4066362980482
1449,73,female,0,13,19.9629856225833
1450,73,female,0,14,20.0959110357699
1451,73,female,0,15,21.0335865961736
1452,73,female,0,16,21.2030763986922
1453,73,female,0,17,21.7709088207729
1454,73,female,0,18,22.5267666905619
1455,73,female,0,19,22.8472985200986
1456,73,female,0,20,23.3679234424327
1457,73,female,0,21,24.1858699234614
1458,73,female,0,22,24.043143303786
1459,73,female,0,23,24.6010596877134
1460,73,female,0,24,25.160787508689
1461,74,female,0,5,17.8819681137619
1462,74,female,0,6,18.4008739976865
1463,74,female,0,7,18.7439472540066
1464,74,female,0,8,19.5739841376174
1465,74,female,0,9,20.3267025665608
1466,74,female,0,10,20.6920616938823
1467,74,female,0,11,21.2251661696473
1468,74,female,0,12,21.9757279338265
1469,74,female,0,13,22.5634147240539
1470,74,female,0,14,23.3505783053036
1471,74,female,0,15,23.4953619479886
1472,74,female,0,16,23.8327727265633
1473,74,female,0,17,24.6971781847747
1474,74,female,0,18,25.1997083708728
1475,74,female,0,19,25.9308345128268
1476,74,female,0,20,26.643423674255
1477,74,female,0,21,27.1658675861857
1478,74,female,0,22,27.2496339794423
1479,74,female,0,23,28.5789891817602
1480,74,female,0,24,29.0810767728402
1481,75,male,1,5,20.1023363496999
1482,75,male,1,6,21.0711428528851
1483,75,male,1,7,21.489404585387
1484,75,male,1,8,22.6322205401126
1485,75,male,1,9,23.0567126262053
1486,75,male,1,10,23.7080329822845
1487,75,male,1,11,24.3110529132692
1488,75,male,1,12,25.508200619593
1489,75,male,1,13,25.4238736263209
1490,75,male,1,14,27.1992865970417
1491,75,male,1,15,27.2159830720595
1492,75,male,1,16,27.9298951107886
1493,75,male,1,17,28.7637443138688
1494,75,male,1,18,29.1922463672407
1495,75,male,1,19,30.021669324848
1496,75,male,1,20,30.5889187559515
1497,75,male,1,21,31.5081431591782
1498,75,male,1,22,31.9439059407817
1499,75,male,1,23,32.928868596434
1500,75,male,1,24,33.4479306648771
1501,76,male,1,5,19.4957030134915
1502,76,male,1,6,20.5419485945098
1503,76,male,1,7,21.2513220999113
1504,76,male,1,8,22.0790386335854
1505,76,male,1,9,22.6717829586662
1506,76,male,1,10,23.4889315935799
1507,76,male,1,11,24.138691192801
1508,76,male,1,12,25.0124608794664
1509,76,male,1,13,25.5214358616774
1510,76,male,1,14,26.6964727967173
1511,76,male,1,15,27.3063991624406
1512,76,male,1,16,27.7727060769207
1513,76,male,1,17,29.1911347641215
1514,76,male,1,18,29.6858846021994
1515,76,male,1,19,30.4333905423577
1516,76,male,1,20,30.9569151171965
1517,76,male,1,21,31.89466740283
1518,76,male,1,22,32.5612371430816
1519,76,male,1,23,33.113855951604
1520,76,male,1,24,34.321929886306
1521,77,female,0,5,17.9429670869157
1522,77,female,0,6,18.1854331910665
1523,77,female,0,7,19.4318330182844
1524,77,female,0,8,19.861793603286
1525,77,female,0,9,20.3842050853566
1526,77,female,0,10,20.7609862291226
1527,77,female,0,11,21.7631925974474
1528,77,female,0,12,22.5575305059057
1529,77,female,0,13,22.7794758153592
1530,77,female,0,14,23.515998900081
1531,77,female,0,15,23.7917035956784
1532,77,female,0,16,25.071303635512
1533,77,female,0,17,25.2892245839935
1534,77,female,0,18,25.9786395940379
1535,77,female,0,19,26.695274989246
1536,77,female,0,20,26.9171051061089
1537,77,female,0,21,27.7884877352871
1538,77,female,0,22,28.2936384405045
1539,77,female,0,23,28.9866424488487
1540,77,female,0,24,29.5974435150941
1541,78,female,0,5,17.7175721354312
1542,78,female,0,6,18.2083693805362
1543,78,female,0,7,18.718794862903
1544,78,female,0,8,19.2783851319134
1545,78,female,0,9,19.6181079134897
1546,78,female,0,10,20.2500648263382
1547,78,female,0,11,20.958278691887
1548,78,female,0,12,21.7724450659339
1549,78,female,0,13,22.0160593380593
1550,78,female,0,14,22.1951177405226
1551,78,female,0,15,22.7761341483183
1552,78,female,0,16,23.3195108649724
1553,78,female,0,17,24.0779583485524
1554,78,female,0,18,24.0257252013319
1555,78,female,0,19,24.900736088909
1556,78,female,0,20,25.5657302731322
1557,78,female,0,21,25.7150491328457
1558,78,female,0,22,26.5220496131951
1559,78,female,0,23,26.6559126673456
1560,78,female,0,24,27.2394428276223
1561,79,female,0,5,19.6269521731961
1562,79,female,0,6,20.7902512721755
1563,79,female,0,7,21.2196474695291
1564,79,female,0,8,21.6894711957336
1565,79,female,0,9,22.5943351922101
1566,79,female,0,10,22.5141567136055
1567,79,female,0,11,23.4256208251239
1568,79,female,0,12,24.0392280382216
1569,79,female,0,13,24.7059897302701
1570,79,female,0,14,25.0087660914512
1571,79,female,0,15,25.6068601802775
1572,79,female,0,16,25.9791863596323
1573,79,female,0,17,26.7821110360929
1574,79,female,0,18,27.1542283268657
1575,79,female,0,19,28.1491488123154
1576,79,female,0,20,28.4445090440426
1577,79,female,0,21,28.496529929366
1578,79,female,0,22,29.619856019389
1579,79,female,0,23,29.9753187483571
1580,79,female,0,24,30.6277359619372
1581,80,male,1,5,19.233474334832
1582,80,male,1,6,19.9247663359334
1583,80,male,1,7,20.2881631087428
1584,80,male,1,8,21.2178755122273
1585,80,male,1,9,21.7887071936792
1586,80,male,1,10,22.5496587245393
1587,80,male,1,11,23.2279426399093
1588,80,male,1,12,23.2452039917053
1589,80,male,1,13,24.1864647080964
1590,80,male,1,14,25.2413930601909
1591,80,male,1,15,25.1446891828616
1592,80,male,1,16,26.1846181035963
1593,80,male,1,17,26.5670898844509
1594,80,male,1,18,27.4696596483087
1595,80,male,1,19,27.8593121406477
1596,80,male,1,20,28.766301125649
1597,80,male,1,21,29.0125408782885
1598,80,male,1,22,29.7811581213766
1599,80,male,1,23,30.4408227501125
1600,80,male,1,24,31.3402458818644
1601,81,female,0,5,17.3273451596724
1602,81,female,0,6,18.448146030387
1603,81,female,0,7,18.6701293627573
1604,81,female,0,8,19.2283881049098
1605,81,female,0,9,19.5968593786545
1606,81,female,0,10,20.7561312419276
1607,81,female,0,11,20.9901011160169
1608,81,female,0,12,21.6310243944109
1609,81,female,0,13,22.4076580048371
1610,81,female,0,14,22.6167464247379
1611,81,female,0,15,23.6817681429263
1612,81,female,0,16,23.9727691493044
1613,81,female,0,17,24.4734609998715
1614,81,female,0,18,25.0670508619979
1615,81,female,0,19,25.6273495882777
1616,81,female,0,20,26.3510964479818
1617,81,female,0,21,26.9535699785508
1618,81,female,0,22,27.2036086552649
1619,81,female,0,23,27.8740932392862
1620,81,female,0,24,28.3422811230246
1621,82,female,0,5,18.9407351313304
1622,82,female,0,6,19.3533992521991
1623,82,female,0,7,19.7742197257332
1624,82,female,0,8,20.3899916763131
1625,82,female,0,9,21.2997002549172
1626,82,female,0,10,21.4347697486251
1627,82,female,0,11,22.2161751821916
1628,82,female,0,12,22.576497530543
1629,82,female,0,13,23.241123341593
1630,82,female,0,14,23.9062302027773
1631,82,female,0,15,24.1004445623449
1632,82,female,0,16,24.7455125695625
1633,82,female,0,17,25.5549411275736
1634,82,female,0,18,26.3036446921061
1635,82,female,0,19,26.8461057284099
1636,82,female,0,20,27.3892140634503
1637,82,female,0,21,28.2092951007066
1638,82,female,0,22,28.8096386088861
1639,82,female,0,23,29.0954710889428
1640,82,female,0,24,29.547907027196
1641,83,female,0,5,17.2913891520451
1642,83,female,0,6,18.4866891000921
1643,83,female,0,7,18.4892872396961
1644,83,female,0,8,19.1676648569924
1645,83,female,0,9,19.0891450391327
1646,83,female,0,10,19.4956761085554
1647,83,female,0,11,20.4304593393718
1648,83,female,0,12,20.8339080235784
1649,83,female,0,13,20.9133048285799
1650,83,female,0,14,21.2922448935749
1651,83,female,0,15,21.5685898750284
1652,83,female,0,16,22.4394249603805
1653,83,female,0,17,22.638896199758
1654,83,female,0,18,23.0026707389679
1655,83,female,0,19,23.5796585442388
1656,83,female,0,20,24.1755908442608
1657,83,female,0,21,24.5391454415477
1658,83,female,0,22,24.863747759455
1659,83,female,0,23,25.1874573647297
1660,83,female,0,24,25.8706781008301
1661,84,male,1,5,19.8747770620858
1662,84,male,1,6,20.6131612223514
1663,84,male,1,7,21.8285966128334
1664,84,male,1,8,22.699339965644
1665,84,male,1,9,23.9457031893998
1666,84,male,1,10,24.5533813479914
1667,84,male,1,11,25.5603339347049
1668,84,male,1,12,26.2605020359564
1669,84,male,1,13,27.7374167161674
1670,84,male,1,14,28.5697424997576
1671,84,male,1,15,29.0590418541731
1672,84,male,1,16,30.2771131628768
1673,84,male,1,17,31.0882773193364
1674,84,male,1,18,32.0170845643557
1675,84,male,1,19,33.2765414794391
1676,84,male,1,20,33.8732203622247
1677,84,male,1,21,35.2103716101639
1678,84,male,1,22,35.4368745551431
1679,84,male,1,23,37.1208678786607
1680,84,male,1,24,37.9067353738843
1681,85,female,0,5,19.6903582803903
1682,85,female,0,6,19.4333754614371
1683,85,female,0,7,20.3369492884654
1684,85,female,0,8,20.7274063012912
1685,85,female,0,9,21.0175506401102
1686,85,female,0,10,21.9057141775594
1687,85,female,0,11,22.730364988187
1688,85,female,0,12,23.2488260903142
1689,85,female,0,13,23.8258820630238
1690,85,female,0,14,24.4255286462184
1691,85,female,0,15,25.1033439208763
1692,85,female,0,16,25.4669144489063
1693,85,female,0,17,26.0669293894435
1694,85,female,0,18,26.5289503528177
1695,85,female,0,19,27.2689781242289
1696,85,female,0,20,27.9689817119252
1697,85,female,0,21,28.0748916207682
1698,85,female,0,22,28.5523164912558
1699,85,female,0,23,29.2375643333133
1700,85,female,0,24,29.8217407906896
1701,86,male,1,5,19.4268616622136
1702,86,male,1,6,19.7012427519619
1703,86,male,1,7,20.4931470006138
1704,86,male,1,8,21.3174910786696
1705,86,male,1,9,22.0149900265792
1706,86,male,1,10,22.5675853967832
1707,86,male,1,11,23.2582283883717
1708,86,male,1,12,23.7664474127636
1709,86,male,1,13,24.5524155153552
1710,86,male,1,14,25.5379649982116
1711,86,male,1,15,25.9465900694983
1712,86,male,1,16,26.1448943623056
1713,86,male,1,17,27.3467187973895
1714,86,male,1,18,27.7880688077075
1715,86,male,1,19,28.3829749405008
1716,86,male,1,20,29.2235424030795
1717,86,male,1,21,29.68529509492
1718,86,male,1,22,30.154201366853
1719,86,male,1,23,30.6064491419503
1720,86,male,1,24,31.6472453870024
1721,87,female,0,5,19.96324331238
1722,87,female,0,6,20.5896833693213
1723,87,female,0,7,21.2463017934949
1724,87,female,0,8,21.7350550637492
1725,87,female,0,9,22.2907458582188
1726,87,female,0,10,22.4297481360331
1727,87,female,0,11,22.8459846957156
1728,87,female,0,12,23.8737722881775
1729,87,female,0,13,24.6035306137865
1730,87,female,0,14,24.7389603043786
1731,87,female,0,15,25.5253556985332
1732,87,female,0,16,25.9956989124569
1733,87,female,0,17,26.5034472795222
1734,87,female,0,18,26.823417157888
1735,87,female,0,19,27.6347561821909
1736,87,female,0,20,28.4089235325664
1737,87,female,0,21,28.8406044145777
1738,87,female,0,22,29.2898833002792
1739,87,female,0,23,30.0560507687853
1740,87,female,0,24,30.1273858927155
1741,88,female,0,5,19.5893427260287
1742,88,female,0,6,20.334291789474
1743,88,female,0,7,20.7704316100866
1744,88,female,0,8,20.9625561734211
1745,88,female,0,9,21.5288590578451
1746,88,female,0,10,21.7070853354235
1747,88,female,0,11,22.2716802895605
1748,88,female,0,12,22.475530732663
1749,88,female,0,13,23.267828674827
1750,88,female,0,14,23.5217560608925
1751,88,female,0,15,24.3305778479695
1752,88,female,0,16,23.9678975582905
1753,88,female,0,17,25.0141287286132
1754,88,female,0,18,25.0818613190793
1755,88,female,0,19,25.6986293717195
1756,88,female,0,20,26.5825865026054
1757,88,female,0,21,27.1752740819929
1758,88,female,0,22,27.0800042026257
1759,88,female,0,23,27.7488266830067
1760,88,female,0,24,28.1501825889756
1761,89,male,1,5,23.1713511755702
1762,89,male,1,6,24.0775753378931
1763,89,male,1,7,24.895541033001
1764,89,male,1,8,25.9361525499242
1765,89,male,1,9,27.0178639100196
1766,89,male,1,10,27.7870957788922
1767,89,male,1,11,28.6636703173305
1768,89,male,1,12,29.8601712060193
1769,89,male,1,13,30.3525163345331
1770,89,male,1,14,31.6969404131045
1771,89,male,1,15,32.4183556677002
1772,89,male,1,16,33.3025068959885
1773,89,male,1,17,34.2190551787452
1774,89,male,1,18,35.4900756335699
1775,89,male,1,19,36.1894601849153
1776,89,male,1,20,36.9644368165211
1777,89,male,1,21,37.9024877193688
1778,89,male,1,22,39.0882635113267
1779,89,male,1,23,39.4167682958474
1780,89,male,1,24,40.9199099531386
1781,90,female,0,5,17.3786733857792
1782,90,female,0,6,18.0236027728761
1783,90,female,0,7,18.3054623666073
1784,90,female,0,8,18.7800742469293
1785,90,female,0,9,19.4932938409039
1786,90,female,0,10,19.9417067586135
1787,90,female,0,11,20.456113953358
1788,90,female,0,12,21.0464692488393
1789,90,female,0,13,21.2277837948724
1790,90,female,0,14,21.5398971574871
1791,90,female,0,15,22.3052497585475
1792,90,female,0,16,23.0544436706766
1793,90,female,0,17,23.0122071538285
1794,90,female,0,18,23.9777524246427
1795,90,female,0,19,24.4466839708754
1796,90,female,0,20,24.6120589306075
1797,90,female,0,21,25.0740642288666
1798,90,female,0,22,25.5228133847002
1799,90,female,0,23,25.9162042803949
1800,90,female,0,24,26.6293126642687
1801,91,male,1,5,20.5045311341213
1802,91,male,1,6,21.8836224111267
1803,91,male,1,7,22.0892500152496
1804,91,male,1,8,23.5878080485494
1805,91,male,1,9,24.4561992577741
1806,91,male,1,10,25.1356650235145
1807,91,male,1,11,26.3017095110074
1808,91,male,1,12,26.9663630557778
1809,91,male,1,13,28.2898247827358
1810,91,male,1,14,29.0393599417821
1811,91,male,1,15,29.6529669175522
1812,91,male,1,16,30.6680544247248
1813,91,male,1,17,31.3744798387178
1814,91,male,1,18,32.0571935399568
1815,91,male,1,19,33.4716923178248
1816,91,male,1,20,34.3781237468582
1817,91,male,1,21,35.4502618232504
1818,91,male,1,22,36.2078780785633
1819,91,male,1,23,36.9010613748017
1820,91,male,1,24,38.2551676945134
1821,92,female,0,5,17.3185825483402
1822,92,female,0,6,17.624296313883
1823,92,female,0,7,18.3930133096152
1824,92,female,0,8,18.5454254001263
1825,92,female,0,9,19.3235469440386
1826,92,female,0,10,19.8761690199187
1827,92,female,0,11,20.424242714209
1828,92,female,0,12,20.8019562945791
1829,92,female,0,13,20.8269614475316
1830,92,female,0,14,21.4967254513089
1831,92,female,0,15,22.0650683926061
1832,92,female,0,16,22.1651736905309
1833,92,female,0,17,22.7179133855548
1834,92,female,0,18,23.4606965930267
1835,92,female,0,19,23.6190641309901
1836,92,female,0,20,24.1034014345212
1837,92,female,0,21,24.5496127510456
1838,92,female,0,22,24.9842266744583
1839,92,female,0,23,25.6396523734538
1840,92,female,0,24,25.7886869449944
1841,93,female,0,5,15.5768121039258
1842,93,female,0,6,16.071200711965
1843,93,female,0,7,15.8453811165331
1844,93,female,0,8,16.3571366260752
1845,93,female,0,9,16.6698346178475
1846,93,female,0,10,17.5509248872922
1847,93,female,0,11,17.5282476791752
1848,93,female,0,12,17.7772785286902
1849,93,female,0,13,17.8454074367608
1850,93,female,0,14,18.4292235528225
1851,93,female,0,15,18.2952204519785
1852,93,female,0,16,19.0508692129574
1853,93,female,0,17,19.2204753760814
1854,93,female,0,18,19.2831255016025
1855,93,female,0,19,19.6533196707616
1856,93,female,0,20,19.6514288236977
1857,93,female,0,21,20.0940532009397
1858,93,female,0,22,20.4495127749221
1859,93,female,0,23,20.8029040187926
1860,93,female,0,24,21.1936712575489
1861,94,female,0,5,18.2100915717681
1862,94,female,0,6,18.801647493296
1863,94,female,0,7,19.1415762166105
1864,94,female,0,8,19.9448709492371
1865,94,female,0,9,20.366675210986
1866,94,female,0,10,20.7143694872623
1867,94,female,0,11,21.5253376983786
1868,94,female,0,12,22.0594249177662
1869,94,female,0,13,22.334240943315
1870,94,female,0,14,23.1963591260723
1871,94,female,0,15,23.510172867544
1872,94,female,0,16,24.2966125011237
1873,94,female,0,17,24.5931467121296
1874,94,female,0,18,25.0983691568653
1875,94,female,0,19,25.7725119103386
1876,94,female,0,20,26.4972644222947
1877,94,female,0,21,26.7995051606857
1878,94,female,0,22,27.5193205985772
1879,94,female,0,23,27.9737975002626
1880,94,female,0,24,28.535733521442
1881,95,female,0,5,18.2835933279597
1882,95,female,0,6,19.1421156194383
1883,95,female,0,7,20.0103942058675
1884,95,female,0,8,20.0987819948875
1885,95,female,0,9,20.3188533531382
1886,95,female,0,10,20.9679764743684
1887,95,female,0,11,21.8631258955367
1888,95,female,0,12,22.1570474447054
1889,95,female,0,13,22.5377127084396
1890,95,female,0,14,23.1466907756886
1891,95,female,0,15,23.3005096561848
1892,95,female,0,16,23.833290984088
1893,95,female,0,17,24.414560278478
1894,95,female,0,18,24.9829374879394
1895,95,female,0,19,25.7638802137323
1896,95,female,0,20,26.105564006775
1897,95,female,0,21,26.4590309135648
1898,95,female,0,22,27.0047273348268
1899,95,female,0,23,27.8290830702062
1900,95,female,0,24,28.4071159937878
1901,96,female,0,5,17.1657585573073
1902,96,female,0,6,17.6008403074415
1903,96,female,0,7,17.9080831012669
1904,96,female,0,8,18.5228036990953
1905,96,female,0,9,19.0995023614147
1906,96,female,0,10,19.7185332805063
1907,96,female,0,11,19.9535770763062
1908,96,female,0,12,20.2891521234362
1909,96,female,0,13,20.809728029699
1910,96,female,0,14,20.9902467066667
1911,96,female,0,15,21.4478410528385
1912,96,female,0,16,22.3880300142853
1913,96,female,0,17,22.4389393420894
1914,96,female,0,18,22.9669095331581
1915,96,female,0,19,23.456119500432
1916,96,female,0,20,24.1003893704413
1917,96,female,0,21,24.1870631565154
1918,96,female,0,22,24.6961548277616
1919,96,female,0,23,25.1902228461057
1920,96,female,0,24,25.7615448396784
1921,97,male,1,5,22.2336846107883
1922,97,male,1,6,22.8319399175002
1923,97,male,1,7,23.4507581217298
1924,97,male,1,8,24.4854106519465
1925,97,male,1,9,25.4095438842113
1926,97,male,1,10,25.8733548042459
1927,97,male,1,11,26.931131018079
1928,97,male,1,12,27.9100965007055
1929,97,male,1,13,28.2770869606059
1930,97,male,1,14,29.2592213512305
1931,97,male,1,15,30.1806566591228
1932,97,male,1,16,31.0168028261048
1933,97,male,1,17,31.7500317650855
1934,97,male,1,18,32.6180033057096
1935,97,male,1,19,33.1841870444227
1936,97,male,1,20,34.4529470780254
1937,97,male,1,21,34.9361452017286
1938,97,male,1,22,36.0032229066052
1939,97,male,1,23,36.6269008512537
1940,97,male,1,24,37.6701991916921
1941,98,female,0,5,17.6550716992443
1942,98,female,0,6,18.2385938154271
1943,98,female,0,7,18.3067770030285
1944,98,female,0,8,18.8266274622789
1945,98,female,0,9,19.693030794716
1946,98,female,0,10,19.9150592539038
1947,98,female,0,11,20.3262336552793
1948,98,female,0,12,20.9510205568546
1949,98,female,0,13,21.6048026116988
1950,98,female,0,14,22.1832026623598
1951,98,female,0,15,22.6542084945459
1952,98,female,0,16,23.1396642496592
1953,98,female,0,17,23.7798731758701
1954,98,female,0,18,24.1959258133248
1955,98,female,0,19,24.5161839105157
1956,98,female,0,20,25.1074251050446
1957,98,female,0,21,25.2443818453193
1958,98,female,0,22,26.1666349452564
1959,98,female,0,23,26.584717033284
1960,98,female,0,24,27.331159804434
1961,99,male,1,5,19.9986771486726
1962,99,male,1,6,21.0738174265823
1963,99,male,1,7,21.8096006390443
1964,99,male,1,8,22.7978424751157
1965,99,male,1,9,22.9874186187118
1966,99,male,1,10,23.9199189970375
1967,99,male,1,11,24.8271291343322
1968,99,male,1,12,25.4935395380516
1969,99,male,1,13,26.1737760444865
1970,99,male,1,14,26.7722949800339
1971,99,male,1,15,27.3597696744407
1972,99,male,1,16,28.5447964958815
1973,99,male,1,17,28.7192363862054
1974,99,male,1,18,29.7005673699542
1975,99,male,1,19,30.3348631309991
1976,99,male,1,20,31.3114124155297
1977,99,male,1,21,31.9830384410369
1978,99,male,1,22,32.951076314264
1979,99,male,1,23,33.2670335884591
1980,99,male,1,24,34.2570351341131
1981,100,female,0,5,17.1899611255378
1982,100,female,0,6,17.3535597867952
1983,100,female,0,7,18.1540114743891
1984,100,female,0,8,18.5013254899623
1985,100,female,0,9,18.9394042891307
1986,100,female,0,10,19.3918973511157
1987,100,female,0,11,19.5979037149295
1988,100,female,0,12,20.3800037283824
1989,100,female,0,13,20.9176355480327
1990,100,female,0,14,21.0215378706907
1991,100,female,0,15,21.3197170499935
1992,100,female,0,16,21.5433037236046
1993,100,female,0,17,22.1619206649024
1994,100,female,0,18,22.5524152784251
1995,100,female,0,19,22.9944409511221
1996,100,female,0,20,23.3751355201837
1997,100,female,0,21,23.9663195180163
1998,100,female,0,22,24.2615829361382
1999,100,female,0,23,24.8724192115289
2000,100,female,0,24,25.0939664718611
